{
	"name": {
		"translate": "notenoughheroes.suitset.hawkeye"
	},
	
	"creative_tab": "notenoughheroes",
	
	"armor_material": {
		"durability": 15,
		"damage_reduction_amounts": [2, 5, 6, 2],
		"enchantibility": 9,
		"toughness": 0.0,
		"sound": "item.armor.equip_leather"
	},
	
	"armor_parts": {
		
		"chest": {
			"openable": false,
			"glow": false,
			"name": {
				"translate": "notenoughheroes.suitset.hawkeye.chestplate"
			},
			"textures": {
				"normal": "notenoughheroes:textures/models/armor/hawkeye/chestplate.png",
				"normal_smallarms": "notenoughheroes:textures/models/armor/hawkeye/chestplate_smallarms.png"
			},
			"item_texture": {
				"blockstate": "notenoughheroes:hawkeye_suit"
			}
		},
		
		"legs": {
			"openable": false,
			"glow": false,
			"name": {
				"translate": "notenoughheroes.suitset.hawkeye.legs"
			},
			"textures": {
				"normal": "notenoughheroes:textures/models/armor/hawkeye/legs.png"
			},
			"item_texture": {
				"blockstate": "notenoughheroes:hawkeye_suit"
			}
		},
		
		"feet": {
			"openable": false,
			"glow": false,
			"name": {
				"translate": "notenoughheroes.suitset.hawkeye.boots"
			},
			"textures": {
				"normal": "notenoughheroes:textures/models/armor/hawkeye/boots.png"
			},
			"item_texture": {
				"blockstate": "notenoughheroes:hawkeye_suit"
			}
		}
	}
}