{
	"name": {
		"translate": "notenoughheroes.suitset.spider-man_upgraded"
	},
	
	"description": {
		"translate": "notenoughheroes.suitset.spider-man_upgraded.desc"
	},
	
	"creative_tab": "notenoughheroes",
	
	"armor_material": {
		"durability": 36,
		"damage_reduction_amounts": [4, 7, 9, 4],
		"enchantibility": 10,
		"toughness": 2.0,
		"sound": "item.armor.equip_leather"
	},
	
	"data": {
		"spider_sense": true
	},
	
	"effects": [
		{
			"type": "name_change",
			"name": {
				"text": "???"
			}
		}
	],
	
	"abilities": {
		"invisibility": {
			"ability": "heroesexpansion:web_wings"
		}
	},
	
	"armor_parts": {
	
		"head": {
			"openable": true,
			"glow": false,
			"name": {
				"translate": "notenoughheroes.suitset.spider-man_upgraded.head"
			},
			"textures": {
				"normal": "notenoughheroes:textures/models/armor/spider-man_upgraded/helmet.png",
				"normal_open": "notenoughheroes:textures/models/armor/spider-man_upgraded/helmet_open.png"
			},
			"item_texture": {
				"blockstate": "notenoughheroes:spider-man_upgraded_suit"
			}
		},
		
		"chest": {
			"openable": false,
			"glow": false,
			"name": {
				"translate": "notenoughheroes.suitset.spider-man_upgraded.chestplate"
			},
			"textures": {
				"normal": "notenoughheroes:textures/models/armor/spider-man_upgraded/chestplate.png",
				"normal_smallarms": "notenoughheroes:textures/models/armor/spider-man_upgraded/chestplate_smallarms.png"
			},
			"item_texture": {
				"blockstate": "notenoughheroes:spider-man_upgraded_suit"
			}
		},
		
		"legs": {
			"openable": false,
			"glow": false,
			"name": {
				"translate": "notenoughheroes.suitset.spider-man_upgraded.legs"
			},
			"textures": {
				"normal": "notenoughheroes:textures/models/armor/spider-man_upgraded/legs.png"
			},
			"item_texture": {
				"blockstate": "notenoughheroes:spider-man_upgraded_suit"
			}
		},
		
		"feet": {
			"openable": false,
			"glow": false,
			"name": {
				"translate": "notenoughheroes.suitset.spider-man_upgraded.boots"
			},
			"textures": {
				"normal": "notenoughheroes:textures/models/armor/spider-man_upgraded/boots.png"
			},
			"item_texture": {
				"blockstate": "notenoughheroes:spider-man_upgraded_suit"
			}
		}
	}
}