{
	"name": {
		"translate": "notenoughheroes.suitset.spider-gwen"
	},
	
	"creative_tab": "notenoughheroes",
	
	"armor_material": {
		"durability": 33,
		"damage_reduction_amounts": [3, 6, 8, 3],
		"enchantibility": 10,
		"toughness": 2.0,
		"sound": "item.armor.equip_leather"
	},
	
	"data": {
		"spider_sense": true
	},
	
	"effects": [
		{
			"type": "name_change",
			"name": {
				"text": "???"
			}
		}
	],
	
	"armor_parts": {
	
		"head": {
			"openable": false,
			"glow": false,
			"name": {
				"translate": "notenoughheroes.suitset.spider-gwen.head"
			},
			"textures": {
				"normal": "notenoughheroes:textures/models/armor/spider-gwen/helmet.png"
			},
			"item_texture": {
				"blockstate": "notenoughheroes:spider-gwen_suit"
			}
		},
		
		"chest": {
			"openable": true,
			"glow": false,
			"name": {
				"translate": "notenoughheroes.suitset.spider-gwen.chestplate"
			},
			"textures": {
				"normal": "notenoughheroes:textures/models/armor/spider-gwen/chestplate.png",
				"normal_smallarms": "notenoughheroes:textures/models/armor/spider-gwen/chestplate_smallarms.png",
				"normal_open": "notenoughheroes:textures/models/armor/spider-gwen/chestplate_open.png",
				"normal_smallarms_open": "notenoughheroes:textures/models/armor/spider-gwen/chestplate_smallarms_open.png"
			},
			"item_texture": {
				"blockstate": "notenoughheroes:spider-gwen_suit"
			}
		},
		
		"legs": {
			"openable": false,
			"glow": false,
			"name": {
				"translate": "notenoughheroes.suitset.spider-gwen.legs"
			},
			"textures": {
				"normal": "notenoughheroes:textures/models/armor/spider-gwen/legs.png"
			},
			"item_texture": {
				"blockstate": "notenoughheroes:spider-gwen_suit"
			}
		},
		
		"feet": {
			"openable": false,
			"glow": false,
			"name": {
				"translate": "notenoughheroes.suitset.spider-gwen.boots"
			},
			"textures": {
				"normal": "notenoughheroes:textures/models/armor/spider-gwen/boots.png"
			},
			"item_texture": {
				"blockstate": "notenoughheroes:spider-gwen_suit"
			}
		}
	}
}