{
	"name": {
		"translate": "notenoughheroes.suitset.spider-man_noir"
	},
	
	"description": {
		"translate": "notenoughheroes.suitset.spider-man_noir.desc"
	},
	
	"creative_tab": "notenoughheroes",
	
	"armor_material": {
		"durability": 33,
		"damage_reduction_amounts": [3, 6, 8, 3],
		"enchantibility": 10,
		"toughness": 2.0,
		"sound": "item.armor.equip_leather"
	},
	
	"data": {
		"spider_sense": true
	},
	
	"effects": [
		{
			"type": "name_change",
			"name": {
				"text": "???"
			}
		}
	],
	
	"armor_parts": {
	
		"head": {
			"openable": false,
			"glow": false,
			"name": {
				"translate": "notenoughheroes.suitset.spider-man_noir.head"
			},
			"textures": {
				"normal": "notenoughheroes:textures/models/armor/spider-man_noir/helmet.png"
			},
			"item_texture": {
				"blockstate": "notenoughheroes:spider-man_noir_suit"
			}
		},
		
		"chest": {
			"openable": false,
			"glow": false,
			"name": {
				"translate": "notenoughheroes.suitset.spider-man_noir.chestplate"
			},
			"textures": {
				"normal": "notenoughheroes:textures/models/armor/spider-man_noir/chestplate.png",
				"normal_smallarms": "notenoughheroes:textures/models/armor/spider-man_noir/chestplate_smallarms.png"
			},
			"item_texture": {
				"blockstate": "notenoughheroes:spider-man_noir_suit"
			}
		},
		
		"legs": {
			"openable": false,
			"glow": false,
			"name": {
				"translate": "notenoughheroes.suitset.spider-man_noir.legs"
			},
			"textures": {
				"normal": "notenoughheroes:textures/models/armor/spider-man_noir/legs.png"
			},
			"item_texture": {
				"blockstate": "notenoughheroes:spider-man_noir_suit"
			}
		},
		
		"feet": {
			"openable": false,
			"glow": false,
			"name": {
				"translate": "notenoughheroes.suitset.spider-man_noir.boots"
			},
			"textures": {
				"normal": "notenoughheroes:textures/models/armor/spider-man_noir/boots.png"
			},
			"item_texture": {
				"blockstate": "notenoughheroes:spider-man_noir_suit"
			}
		}
	}
}