{
	"name": {
		"translate": "notenoughheroes.suitset.the_ray"
	},
	
	"creative_tab": "notenoughheroes",
	
	"armor_material": {
		"durability": 18,
		"damage_reduction_amounts": [2, 5, 6, 2],
		"enchantibility": 8,
		"toughness": 0.0,
		"sound": "item.armor.equip_leather"
	},
	
	"effects": [
		{
			"type": "name_change",
			"name": {
				"text": "???"
			}
		}
	],
	
	"armor_parts": {
	
		"head": {
			"openable": false,
			"glow": false,
			"name": {
				"translate": "notenoughheroes.suitset.the_ray.head"
			},
			"textures": {
				"normal": "notenoughheroes:textures/models/armor/the_ray/helmet.png"
			},
			"item_texture": {
				"blockstate": "notenoughheroes:the_ray_suit"
			}
		},
		
		"chest": {
			"openable": false,
			"glow": false,
			"name": {
				"translate": "notenoughheroes.suitset.the_ray.chestplate"
			},
			"textures": {
				"normal": "notenoughheroes:textures/models/armor/the_ray/chestplate.png",
				"normal_smallarms": "notenoughheroes:textures/models/armor/the_ray/chestplate_smallarms.png"
			},
			"item_texture": {
				"blockstate": "notenoughheroes:the_ray_suit"
			}
		},
		
		"legs": {
			"openable": false,
			"glow": false,
			"name": {
				"translate": "notenoughheroes.suitset.the_ray.legs"
			},
			"textures": {
				"normal": "notenoughheroes:textures/models/armor/the_ray/legs.png"
			},
			"item_texture": {
				"blockstate": "notenoughheroes:the_ray_suit"
			}
		},
		
		"feet": {
			"openable": false,
			"glow": false,
			"name": {
				"translate": "notenoughheroes.suitset.the_ray.boots"
			},
			"textures": {
				"normal": "notenoughheroes:textures/models/armor/the_ray/boots.png"
			},
			"item_texture": {
				"blockstate": "notenoughheroes:the_ray_suit"
			}
		}
	}
}