{

  "type": "lucraftcore:recolor",
  
  "group": "notenoughheroes:blitzkrieg_back",

  "result": {
    "item": "speedsterheroes:cw_flash_helmet"
  },

  "original": "notenoughheroes:blitzkrieg_helmet",

  "ingredients": [
    {
      "item": "#DYERED"
    },
    {
      "item": "#DYEYELLOW"
    }
  ],

  "conditions": [
    {
      "item": "notenoughheroes:blitzkrieg_helmet",
      "type": "minecraft:item_exists"
    },
    {
      "item": "speedsterheroes:cw_flash_helmet",
      "type": "minecraft:item_exists"
    }
  ]

}