{

  "type": "lucraftcore:recolor",
  
  "group": "notenoughheroes:blitzkrieg",

  "result": {
    "item": "notenoughheroes:blitzkrieg_chest"
  },

  "original": "speedsterheroes:cw_flash_chest",

  "ingredients": [
    {
      "item": "#DYEBLACK"
    },
    {
      "item": "#DYERED"
    }
  ],

  "conditions": [
    {
      "item": "notenoughheroes:blitzkrieg_chest",
      "type": "minecraft:item_exists"
    },
    {
      "item": "speedsterheroes:cw_flash_chest",
      "type": "minecraft:item_exists"
    }
  ]

}