{

  "type": "lucraftcore:recolor",
  
  "group": "notenoughheroes:captain_marvel_kree",

  "result": {
    "item": "notenoughheroes:captain_marvel_kree_legs"
  },

  "original": "heroesexpansion:captain_marvel_legs",

  "ingredients": [
    {
      "item": "#DYECYAN"
    },
    {
      "item": "#DYELIGHTGRAY"
    }
  ],

  "conditions": [
    {
      "item": "notenoughheroes:captain_marvel_kree_legs",
      "type": "minecraft:item_exists"
    },
    {
      "item": "heroesexpansion:captain_marvel_legs",
      "type": "minecraft:item_exists"
    }
  ]

}