{

  "type": "lucraftcore:recolor",
  
  "group": "notenoughheroes:reverse_flash",

  "result": {
    "item": "notenoughheroes:reverse_flash_boots"
  },

  "original": "speedsterheroes:cw_reverse_flash_boots",

  "ingredients": [
    {
      "item": "#INGOTIRON"
    }
  ],

  "conditions": [
    {
      "item": "notenoughheroes:reverse_flash_boots",
      "type": "minecraft:item_exists"
    },
    {
      "item": "speedsterheroes:cw_reverse_flash_boots",
      "type": "minecraft:item_exists"
    }
  ]

}