{

  "type": "lucraftcore:recolor",

  "group": "notenoughheroes:spider-gwen",
  
  "result": {
    "item": "notenoughheroes:spider-gwen_legs"
  },

  "original": "heroesexpansion:spider_man_legs",

  "ingredients": [
    {
      "item": "#DYEBLACK"
    },
    {
      "item": "#DYEWHITE"
    },
    {
      "item": "#DYEPURPLE"
    }
  ],

  "conditions": [
    {
      "item": "notenoughheroes:spider-gwen_legs",
      "type": "minecraft:item_exists"
    },
    {
      "item": "heroesexpansion:spider_man_legs",
      "type": "minecraft:item_exists"
    }
  ]

}