{

  "type": "lucraftcore:recolor",
  
  "group": "notenoughheroes:spider-man_stealth",

  "result": {
    "item": "notenoughheroes:spider-man_stealth_helmet"
  },

  "original": "heroesexpansion:spider_man_helmet",

  "ingredients": [
    {
      "item": "#DYEBLACK"
    },
    {
      "item": "#DYEGRAY"
    }
  ],

  "conditions": [
    {
      "item": "notenoughheroes:spider-man_stealth_helmet",
      "type": "minecraft:item_exists"
    },
    {
      "item": "heroesexpansion:spider_man_helmet",
      "type": "minecraft:item_exists"
    }
  ]

}