{

  "type": "lucraftcore:recolor",

  "group": "notenoughheroes:spider-man_2099_back",
  
  "result": {
    "item": "heroesexpansion:spider_man_boots"
  },

  "original": "notenoughheroes:spider-man_2099_boots",

  "ingredients": [
    {
      "item": "#DYEBLUE"
    },
    {
      "item": "#DYERED"
    }
  ],

  "conditions": [
    {
      "item": "notenoughheroes:spider-man_2099_boots",
      "type": "minecraft:item_exists"
    },
    {
      "item": "heroesexpansion:spider_man_boots",
      "type": "minecraft:item_exists"
    }
  ]

}