{

  "type": "lucraftcore:recolor",
  
  "group": "notenoughheroes:spider-man_upgraded",

  "result": {
    "item": "notenoughheroes:spider-man_upgraded_helmet"
  },

  "original": "heroesexpansion:spider_man_helmet",

  "ingredients": [
    {
      "item": "#DYEBLACK"
    },
    {
      "item": "#DYERED"
    },
	{
	  "item": "#INGOTIRON"
	}
  ],

  "conditions": [
    {
      "item": "notenoughheroes:spider-man_upgraded_helmet",
      "type": "minecraft:item_exists"
    },
    {
      "item": "heroesexpansion:spider_man_helmet",
      "type": "minecraft:item_exists"
    }
  ]

}