{

  "type": "lucraftcore:recolor",
  
  "group": "notenoughheroes:spider-man_stealth_back",

  "result": {
    "item": "heroesexpansion:spider_man_helmet"
  },

  "original": "notenoughheroes:spider-man_stealth_helmet",

  "ingredients": [
    {
      "item": "#DYEBLUE"
    },
    {
      "item": "#DYERED"
    }
  ],

  "conditions": [
    {
      "item": "notenoughheroes:spider-man_stealth_helmet",
      "type": "minecraft:item_exists"
    },
    {
      "item": "heroesexpansion:spider_man_helmet",
      "type": "minecraft:item_exists"
    }
  ]

}