{

  "type": "lucraftcore:recolor",

  "group": "notenoughheroes:spider-man_upgraded",
  
  "result": {
    "item": "notenoughheroes:spider-man_upgraded_boots"
  },

  "original": "heroesexpansion:spider_man_boots",

  "ingredients": [
    {
      "item": "#DYEBLACK"
    },
    {
      "item": "#DYERED"
    },
	{
	  "item": "#INGOTIRON"
	}
  ],

  "conditions": [
    {
      "item": "notenoughheroes:spider-man_upgraded_boots",
      "type": "minecraft:item_exists"
    },
    {
      "item": "heroesexpansion:spider_man_boots",
      "type": "minecraft:item_exists"
    }
  ]

}