{
  "type": "forge:ore_shaped",

  "result": {
    "item": "notenoughheroes:the_ray_chest"
  },

  "pattern": [
    "P P",
    "IDI",
    "BBB"
  ],

  "key": {
    "P": {
      "item": "#PLATEGOLD"
    },
    "I": {
      "item": "#INGOTGOLD"
    },
    "D": {
      "item": "#DUSTGLOWSTONE"
    },
    "B": {
      "item": "lucraftcore:tri_polymer_black"
    }
  },
  
  "conditions": [
    {
      "item": "notenoughheroes:the_ray_chest",
      "type": "minecraft:item_exists"
    },
	{
      "item": "lucraftcore:tri_polymer_black",
      "type": "minecraft:item_exists"
    }
  ]

}