{
  "type": "forge:ore_shaped",

  "result": {
    "item": "notenoughheroes:the_ray_legs"
  },

  "pattern": [
    "BIB",
    "D D",
    "B B"
  ],

  "key": {
    "I": {
      "item": "#INGOTGOLD"
    },
    "D": {
      "item": "#DUSTGLOWSTONE"
    },
    "B": {
      "item": "lucraftcore:tri_polymer_black"
    }
  },
  
  "conditions": [
    {
      "item": "notenoughheroes:the_ray_legs",
      "type": "minecraft:item_exists"
    },
	{
      "item": "lucraftcore:tri_polymer_black",
      "type": "minecraft:item_exists"
    }
  ]

}