{
	"name" : {
		"translate": "notenoughheroes.superpower.solar_powers"
	},

	"icon": {
		"type": "texture",
		"texture": "notenoughheroes:textures/gui/solar_powers_icon.png"
	},
	
	"max_level": 1,
	
	"capsule_color" : 16776960,
	
	"effects": [
		{
			"type": "glow",
			"color": [ 1, 0.94, 0],
			"conditions": [
				{
					"type": "ability_enabled",
					"ability": "lucraftcore:toggle_power"
				}
			]
		}
	],
	
	"abilities": {
		"toggle_power": {
			"ability": "lucraftcore:toggle_power",
			"icon": {
				"type": "texture",
				"texture": "notenoughheroes:textures/gui/solar_powers_icon.png"
			}
		},
		"sprint": {
			"ability": "lucraftcore:sprint",
			"factor": 1,
			"operation": 0,
			"uuid": "a4c84681-f5e7-402e-860c-d16fd63fb071",
			"conditions": [
				{
					"type": "lucraftcore:ability",
					"ability": "toggle_power"
				}
			]
		},
		"flight": {
			"ability": "lucraftcore:flight",
			"conditions": [
				{
					"type": "lucraftcore:ability",
					"ability": "toggle_power"
				}
			]
		},
		"energy_blast": {
			"ability": "lucraftcore:energy_blast",
			"color": [ 255, 239, 0],
			"damage": 4,
			"cooldown": 30,
			"conditions": [
				{
					"type": "lucraftcore:ability",
					"ability": "toggle_power"
				}
			]
		},
		"photon_blast": {
			"ability": "heroesexpansion:photon_blast",
			"color": [ 255, 239, 0],
			"cooldown": 30,
			"conditions": [
				{
					"type": "lucraftcore:ability",
					"ability": "toggle_power"
				}
			]
		}
	}
}